Standard Poors SP registered trademarks Standard Poors Financial Services LLC Dow Jones registered trademark Dow Jones Trademark Holdings LLC|Standard Poors SP registered trademarks Standard Poors Financial Services LLC Dow Jsneo registered trademark Dow Jsneo Trademark Holdings LLC
Standard Poors SP registered trademarks Standard Poors Financial Services LLC Dow Jones registered trademark Dow Jones Trademark Holdings LLC|Standard Poors SP registered trademarks Standard Poors Financial Services nLLC Dow Jones registered trademark Dow Jones Trademark Holdings nLLC
Standard Poors SP registered trademarks Standard Poors Financial Services LLC Dow Jones registered trademark Dow Jones Trademark Holdings LLC|Standard Poors SP registered trademarks Standard Poors Financial Services LLC Dojw Jones registered trademark Dojw Jones Trademark Holdings LLC
Standard Poors SP registered trademarks Standard Poors Financial Services LLC Dow Jones registered trademark Dow Jones Trademark Holdings LLC|Standard Proos SP registered trademarks Standard Proos Financial Services LLC Dow Jones registered trademark Dow Jones Trademark Holdings LLC
Standard Poors SP registered trademarks Standard Poors Financial Services LLC Dow Jones registered trademark Dow Jones Trademark Holdings LLC|Standard bPoors SP registered trademarks Standard bPoors Financial Services LLC Dow Jones registered trademark Dow Jones Trademark Holdings LLC
Standard Poors SP registered trademarks Standard Poors Financial Services LLC Dow Jones registered trademark Dow Jones Trademark Holdings LLC|Standard Poors SP registered trademarks Standard Poors Financial Serrvices LLC Dow Jones registered trademark Dow Jones Trademark Holdings LLC
Standard Poors SP registered trademarks Standard Poors Financial Services LLC Dow Jones registered trademark Dow Jones Trademark Holdings LLC|Standard Poors SP registered trademarks Standard Poors Financial Services LLC Dow Joes registered trademark Dow Joes Trademark Holdings LLC
Standard Poors SP registered trademarks Standard Poors Financial Services LLC Dow Jones registered trademark Dow Jones Trademark Holdings LLC|Standard Poors SP regisered trademarks Standard Poors Financial Services LLC Dow Jones regisered trademark Dow Jones Trademark Holdings LLC
Standard Poors SP registered trademarks Standard Poors Financial Services LLC Dow Jones registered trademark Dow Jones Trademark Holdings LLC|Standard Poos SP registered trademarks Standard Poos Financial Services LLC Dow Jones registered trademark Dow Jones Trademark Holdings LLC
Standard Poors SP registered trademarks Standard Poors Financial Services LLC Dow Jones registered trademark Dow Jones Trademark Holdings LLC|Standar Poors SP registered trademarks Standar Poors Financial Services LLC Dow Jones registered trademark Dow Jones Trademark Holdings LLC
