Bedford College London Merged Royal Holloway College form Royal Holloway Bedford New College Royal Holloway University London|Bedford College London Merged Royal Holloway College form Royal Holloway Bedford New College Royal Holloway Unirevsity London
Bedford College London Merged Royal Holloway College form Royal Holloway Bedford New College Royal Holloway University London|Bedford College London Merged Royal Holoway College form Royal Holoway Bedford New College Royal Holoway University London
Bedford College London Merged Royal Holloway College form Royal Holloway Bedford New College Royal Holloway University London|Bedford College London Merged Royl Holloway College form Royl Holloway Bedford New College Royl Holloway University London
Bedford College London Merged Royal Holloway College form Royal Holloway Bedford New College Royal Holloway University London|Bedford College London Merged Royal Hollowray College form Royal Hollowray Bedford New College Royal Hollowray University London
Bedford College London Merged Royal Holloway College form Royal Holloway Bedford New College Royal Holloway University London|Bedford College London Merged Royal Holploway College form Royal Holploway Bedford New College Royal Holploway University London
Bedford College London Merged Royal Holloway College form Royal Holloway Bedford New College Royal Holloway University London|Bedford College London Merged Royal Hollowy College form Royal Hollowy Bedford New College Royal Hollowy University London
Bedford College London Merged Royal Holloway College form Royal Holloway Bedford New College Royal Holloway University London|Bedford College London Merged Roal Holloway College form Roal Holloway Bedford New College Roal Holloway University London
Bedford College London Merged Royal Holloway College form Royal Holloway Bedford New College Royal Holloway University London|Bedford College London Merged Royal Holloway College forjm Royal Holloway Bedford New College Royal Holloway University London
Bedford College London Merged Royal Holloway College form Royal Holloway Bedford New College Royal Holloway University London|Bedford College London Merged Royabl Holloway College form Royabl Holloway Bedford New College Royabl Holloway University London
Bedford College London Merged Royal Holloway College form Royal Holloway Bedford New College Royal Holloway University London|Bedford College Londo Merged Royal Holloway College form Royal Holloway Bedford New College Royal Holloway University Londo
