Standard Poors SP registered trademarks Standard Poors Financial Services LLC Dow Jones registered trademark Dow Jones Trademark Holdings LLC|Standard Poors S registered trademarks Standard Poors Financial Services LLC Dow Jones registered trademark Dow Jones Trademark Holdings LLC
Standard Poors SP registered trademarks Standard Poors Financial Services LLC Dow Jones registered trademark Dow Jones Trademark Holdings LLC|Standard Poors SP registered trademarks Standard Poors Financial Services LLC Donw Jones registered trademark Donw Jones Trademark Holdings LLC
Standard Poors SP registered trademarks Standard Poors Financial Services LLC Dow Jones registered trademark Dow Jones Trademark Holdings LLC|Standard Poors SP registered trademareks Standard Poors Financial Services LLC Dow Jones registered trademark Dow Jones Trademark Holdings LLC
Standard Poors SP registered trademarks Standard Poors Financial Services LLC Dow Jones registered trademark Dow Jones Trademark Holdings LLC|Standard Poors SP registered trademarks Standard Poors Financial Services LsLC Dow Jones registered trademark Dow Jones Trademark Holdings LsLC
Standard Poors SP registered trademarks Standard Poors Financial Services LLC Dow Jones registered trademark Dow Jones Trademark Holdings LLC|Standard Poors SP registered trademarks Standard Poors Financial Services LLC Dow Jones registered trademark Dow Jones Trardemark Holdings LLC
Standard Poors SP registered trademarks Standard Poors Financial Services LLC Dow Jones registered trademark Dow Jones Trademark Holdings LLC|Standard Poors SP registered trademarks Standard Poors Financial Servijces LLC Dow Jones registered trademark Dow Jones Trademark Holdings LLC
Standard Poors SP registered trademarks Standard Poors Financial Services LLC Dow Jones registered trademark Dow Jones Trademark Holdings LLC|Standard Poors SP registered trademarks Standard Poors Financial Services LLC woD Jones registered trademark woD Jones Trademark Holdings LLC
Standard Poors SP registered trademarks Standard Poors Financial Services LLC Dow Jones registered trademark Dow Jones Trademark Holdings LLC|Standard Poors SP registered trademarks Standard Poors Financial Services LLC Diow Jones registered trademark Diow Jones Trademark Holdings LLC
Standard Poors SP registered trademarks Standard Poors Financial Services LLC Dow Jones registered trademark Dow Jones Trademark Holdings LLC|Standard Poors SP registerd trademarks Standard Poors Financial Services LLC Dow Jones registerd trademark Dow Jones Trademark Holdings LLC
Standard Poors SP registered trademarks Standard Poors Financial Services LLC Dow Jones registered trademark Dow Jones Trademark Holdings LLC|Standard Poors SP registered trademarks Standard Poors Financial Services LLC Do Jones registered trademark Do Jones Trademark Holdings LLC
