Standard Poors SP registered trademarks Standard Poors Financial Services LLC Dow Jones registered trademark Dow Jones Trademark Holdings LLC|Standard Poors SP registered trademarks Standard Poors Financial Sevices LLC Dow Jones registered trademark Dow Jones Trademark Holdings LLC
Standard Poors SP registered trademarks Standard Poors Financial Services LLC Dow Jones registered trademark Dow Jones Trademark Holdings LLC|Standard Poors SP registered trademarks Standard Poors Finacial Services LLC Dow Jones registered trademark Dow Jones Trademark Holdings LLC
Standard Poors SP registered trademarks Standard Poors Financial Services LLC Dow Jones registered trademark Dow Jones Trademark Holdings LLC|Standard Poos SP registered trademarks Standard Poos Financial Services LLC Dow Jones registered trademark Dow Jones Trademark Holdings LLC
Standard Poors SP registered trademarks Standard Poors Financial Services LLC Dow Jones registered trademark Dow Jones Trademark Holdings LLC|Standard Poors SP registered trademarks Standard Poors Financial Services LLC Dow Joes registered trademark Dow Joes Trademark Holdings LLC
Standard Poors SP registered trademarks Standard Poors Financial Services LLC Dow Jones registered trademark Dow Jones Trademark Holdings LLC|Standard Pors SP registered trademarks Standard Pors Financial Services LLC Dow Jones registered trademark Dow Jones Trademark Holdings LLC
Standard Poors SP registered trademarks Standard Poors Financial Services LLC Dow Jones registered trademark Dow Jones Trademark Holdings LLC|tandard Poors SP registered trademarks tandard Poors Financial Services LLC Dow Jones registered trademark Dow Jones Trademark Holdings LLC
Standard Poors SP registered trademarks Standard Poors Financial Services LLC Dow Jones registered trademark Dow Jones Trademark Holdings LLC|Standard Poors SP registered trademarks Standard Poors Financial Services LC Dow Jones registered trademark Dow Jones Trademark Holdings LC
Standard Poors SP registered trademarks Standard Poors Financial Services LLC Dow Jones registered trademark Dow Jones Trademark Holdings LLC|Standard Poors SP registered trademarks Standard Poors Financial Services LLC Dow Jnoes registered trademark Dow Jnoes Trademark Holdings LLC
Standard Poors SP registered trademarks Standard Poors Financial Services LLC Dow Jones registered trademark Dow Jones Trademark Holdings LLC|Standard Proos SP registered trademarks Standard Proos Financial Services LLC Dow Jones registered trademark Dow Jones Trademark Holdings LLC
Standard Poors SP registered trademarks Standard Poors Financial Services LLC Dow Jones registered trademark Dow Jones Trademark Holdings LLC|Standard Poors SP registered trademarks Standard Poors Financial Services iLLC Dow Jones registered trademark Dow Jones Trademark Holdings iLLC
