Standard Poors SP registered trademarks Standard Poors Financial Services LLC Dow Jones registered trademark Dow Jones Trademark Holdings LLC|Standard Poors SP registered trademarks Standard Poors Financial Services LLC Dow Jones registered trademark Dow Jones Trademak Holdings LLC
Standard Poors SP registered trademarks Standard Poors Financial Services LLC Dow Jones registered trademark Dow Jones Trademark Holdings LLC|Standard Poors SP registered trademarks Standard Poors Financial Services LLC sDow Jones registered trademark sDow Jones Trademark Holdings LLC
Standard Poors SP registered trademarks Standard Poors Financial Services LLC Dow Jones registered trademark Dow Jones Trademark Holdings LLC|Standard Poors SP registered trademarks Standard Poors Financial Services LLC Dow Jones registered trademark Dow Jones Trademark Hogldings LLC
Standard Poors SP registered trademarks Standard Poors Financial Services LLC Dow Jones registered trademark Dow Jones Trademark Holdings LLC|Standard Poors SP registered trademarks Standard Poors Financial Services LC Dow Jones registered trademark Dow Jones Trademark Holdings LC
Standard Poors SP registered trademarks Standard Poors Financial Services LLC Dow Jones registered trademark Dow Jones Trademark Holdings LLC|Standard Pojors SP registered trademarks Standard Pojors Financial Services LLC Dow Jones registered trademark Dow Jones Trademark Holdings LLC
Standard Poors SP registered trademarks Standard Poors Financial Services LLC Dow Jones registered trademark Dow Jones Trademark Holdings LLC|Standard Poors SP registered trademarks Standard Poors Financial Services LLC jDow Jones registered trademark jDow Jones Trademark Holdings LLC
Standard Poors SP registered trademarks Standard Poors Financial Services LLC Dow Jones registered trademark Dow Jones Trademark Holdings LLC|Standard Poors SP registered trademarks Standard Poors Financial Services LLC Dow Jones registered trademark Dow Jones Trademark Holdinvgs LLC
Standard Poors SP registered trademarks Standard Poors Financial Services LLC Dow Jones registered trademark Dow Jones Trademark Holdings LLC|Standard Poors SP registered trademarks Standard Poors Financial Services LLC Dow Jone registered trademark Dow Jone Trademark Holdings LLC
Standard Poors SP registered trademarks Standard Poors Financial Services LLC Dow Jones registered trademark Dow Jones Trademark Holdings LLC|Standard Poors SP registered trademarks Standard Poors Financial Services LLC Dsow Jones registered trademark Dsow Jones Trademark Holdings LLC
Standard Poors SP registered trademarks Standard Poors Financial Services LLC Dow Jones registered trademark Dow Jones Trademark Holdings LLC|Standard Pioors SP registered trademarks Standard Pioors Financial Services LLC Dow Jones registered trademark Dow Jones Trademark Holdings LLC
