UNLV renamed School Community Health Sciences School Public Health|UNLV renamed ochSol Community Health Sciences ochSol Public Health
UNLV renamed School Community Health Sciences School Public Health|UNLV renamed School Community Heath Sciences School Public Heath
UNLV renamed School Community Health Sciences School Public Health|UNLV renamed School Community Helth Sciences School Public Helth
UNLV renamed School Community Health Sciences School Public Health|UNLV renamed chool Community Health Sciences chool Public Health
UNLV renamed School Community Health Sciences School Public Health|UNLV renamed School Community Hetlah Sciences School Public Hetlah
UNLV renamed School Community Health Sciences School Public Health|UNLV renamed School Community Heaflth Sciences School Public Heaflth
UNLV renamed School Community Health Sciences School Public Health|UNLV renamed bSchool Community Health Sciences bSchool Public Health
UNLV renamed School Community Health Sciences School Public Health|UNLV renamed Sclooh Community Health Sciences Sclooh Public Health
UNLV renamed School Community Health Sciences School Public Health|UNLV renamed School Community Health Sciwences School Public Health
UNLV renamed School Community Health Sciences School Public Health|UNLV renamed School Commuity Health Sciences School Public Health
