Standard Poors SP registered trademarks Standard Poors Financial Services LLC Dow Jones registered trademark Dow Jones Trademark Holdings LLC|Standard Poors SP registered trademarks Standard Poors Financial Services LLC Dow Jones registered trademark Dow Jones Tradermark Holdings LLC
Standard Poors SP registered trademarks Standard Poors Financial Services LLC Dow Jones registered trademark Dow Jones Trademark Holdings LLC|Standard Poors SP registered trademarks Standard Poors Financial Services LLC Dow Jonues registered trademark Dow Jonues Trademark Holdings LLC
Standard Poors SP registered trademarks Standard Poors Financial Services LLC Dow Jones registered trademark Dow Jones Trademark Holdings LLC|Standard Poors SP rtegistered trademarks Standard Poors Financial Services LLC Dow Jones rtegistered trademark Dow Jones Trademark Holdings LLC
Standard Poors SP registered trademarks Standard Poors Financial Services LLC Dow Jones registered trademark Dow Jones Trademark Holdings LLC|Standard Poors PS registered trademarks Standard Poors Financial Services LLC Dow Jones registered trademark Dow Jones Trademark Holdings LLC
Standard Poors SP registered trademarks Standard Poors Financial Services LLC Dow Jones registered trademark Dow Jones Trademark Holdings LLC|Standard Poors SP registered trademarks Standard Poors Financial Services gLLC Dow Jones registered trademark Dow Jones Trademark Holdings gLLC
Standard Poors SP registered trademarks Standard Poors Financial Services LLC Dow Jones registered trademark Dow Jones Trademark Holdings LLC|Standard Poors SP registered trademarks Standard Poors Financial Srvices LLC Dow Jones registered trademark Dow Jones Trademark Holdings LLC
Standard Poors SP registered trademarks Standard Poors Financial Services LLC Dow Jones registered trademark Dow Jones Trademark Holdings LLC|Standard Poors SP registered trademarks Standard Poors Financial Services rLLC Dow Jones registered trademark Dow Jones Trademark Holdings rLLC
Standard Poors SP registered trademarks Standard Poors Financial Services LLC Dow Jones registered trademark Dow Jones Trademark Holdings LLC|Standard Pors SP registered trademarks Standard Pors Financial Services LLC Dow Jones registered trademark Dow Jones Trademark Holdings LLC
Standard Poors SP registered trademarks Standard Poors Financial Services LLC Dow Jones registered trademark Dow Jones Trademark Holdings LLC|Standard Poor SP registered trademarks Standard Poor Financial Services LLC Dow Jones registered trademark Dow Jones Trademark Holdings LLC
Standard Poors SP registered trademarks Standard Poors Financial Services LLC Dow Jones registered trademark Dow Jones Trademark Holdings LLC|Standard Poozrs SP registered trademarks Standard Poozrs Financial Services LLC Dow Jones registered trademark Dow Jones Trademark Holdings LLC
