Thereafter Lares Compitales known Lares Augusti|Thereafter Lares Compitales known Lares tAugusti
Thereafter Lares Compitales known Lares Augusti|Thereafter Lares Compitals known Lares Augusti
Thereafter Lares Compitales known Lares Augusti|Thereafter Lares Compitales known Lares Augusmti
Thereafter Lares Compitales known Lares Augusti|Tuhereafter Lares Compitales known Lares Augusti
Thereafter Lares Compitales known Lares Augusti|Thereafter Lanres Compitales known Lanres Augusti
Thereafter Lares Compitales known Lares Augusti|Thereafter Lares Compitales known Lares Augusxti
Thereafter Lares Compitales known Lares Augusti|Thereafter Lares Compitales known Lares Auguskti
Thereafter Lares Compitales known Lares Augusti|Thereafter Lares Compitales known Lares Agusti
Thereafter Lares Compitales known Lares Augusti|Thereafter sareL Compitales known sareL Augusti
Thereafter Lares Compitales known Lares Augusti|Thereafter Lars Compitales known Lars Augusti
